"Timestamp","Save cost of operation ","Ease of use","Save Designing time ","Batter Accessibility","Extend Manufacturing support","Writer your personal thought "
"2025/01/31 10:38:26 AM GMT","8","9","9","8","7","3D tool is overall good concept and it can become helpful but it need add all component  used in production then we relay like to use this "
"2025/02/03 6:23:23 PM GMT","7","8","8","8","7","Good approach require more work for use in production "
"2025/01/30 6:24:05 PM GMT","9","9","10","10","9","good"
"2025/01/30 6:24:48 PM GMT","7","8","8","8","8","Good thought "
"2025/01/30 6:25:49 PM GMT","10","10","9","9","9","very useful if working  operational "
"2025/01/29 6:27:41 PM GMT","8","8","7","9","8","good can we add all different connections ?  "
"2025/01/30 6:29:14 PM GMT","8","8","9","8","7","Can we add validations for design error ? "
"2025/01/30 6:29:36 PM GMT","9","9","9","9","9","Good "
"2025/02/02 6:30:02 PM GMT","10","9","10","9","8","good "
"2025/02/02 6:34:13 PM GMT","9","9","9","9","7","good"